,pdbId,structureChainId,pdbPosition,pdbResNum,uniprotId
0,2gf5,2GF5.A,117,117,Q13158
2,3ezq,3EZQ.P,117,117,Q13158
4,3ezq,3EZQ.N,117,117,Q13158
6,3ezq,3EZQ.L,117,117,Q13158
8,3ezq,3EZQ.J,117,117,Q13158
10,3ezq,3EZQ.H,117,117,Q13158
12,3ezq,3EZQ.F,117,117,Q13158
14,3ezq,3EZQ.D,117,117,Q13158
16,3ezq,3EZQ.B,117,117,Q13158
18,3oq9,3OQ9.L,117,117,Q13158
20,3oq9,3OQ9.K,117,117,Q13158
22,3oq9,3OQ9.J,117,117,Q13158
24,3oq9,3OQ9.I,117,117,Q13158
26,3oq9,3OQ9.H,117,117,Q13158
28,2gf5,2GF5.A,113,113,Q13158
30,3ezq,3EZQ.P,113,113,Q13158
32,3ezq,3EZQ.N,113,113,Q13158
34,3ezq,3EZQ.L,113,113,Q13158
36,3ezq,3EZQ.J,113,113,Q13158
38,3ezq,3EZQ.H,113,113,Q13158
40,3ezq,3EZQ.F,113,113,Q13158
42,3ezq,3EZQ.D,113,113,Q13158
44,3ezq,3EZQ.B,113,113,Q13158
46,3oq9,3OQ9.L,113,113,Q13158
48,3oq9,3OQ9.K,113,113,Q13158
50,3oq9,3OQ9.J,113,113,Q13158
52,3oq9,3OQ9.I,113,113,Q13158
54,3oq9,3OQ9.H,113,113,Q13158
56,2gf5,2GF5.A,63,63,Q13158
58,1a1w,1A1W.A,63,63,Q13158
60,1a1z,1A1Z.A,63,63,Q13158
62,2gf5,2GF5.A,131,131,Q13158
64,3ezq,3EZQ.P,131,131,Q13158
66,3ezq,3EZQ.N,131,131,Q13158
68,3ezq,3EZQ.L,131,131,Q13158
70,3ezq,3EZQ.J,131,131,Q13158
72,3ezq,3EZQ.H,131,131,Q13158
74,3ezq,3EZQ.F,131,131,Q13158
76,3ezq,3EZQ.D,131,131,Q13158
78,3ezq,3EZQ.B,131,131,Q13158
80,3oq9,3OQ9.L,131,131,Q13158
82,3oq9,3OQ9.K,131,131,Q13158
84,3oq9,3OQ9.J,131,131,Q13158
86,3oq9,3OQ9.I,131,131,Q13158
88,3oq9,3OQ9.H,131,131,Q13158
90,2gf5,2GF5.A,64,64,Q13158
92,1a1w,1A1W.A,64,64,Q13158
94,1a1z,1A1Z.A,64,64,Q13158
96,2gf5,2GF5.A,158,158,Q13158
98,3ezq,3EZQ.P,158,158,Q13158
100,3ezq,3EZQ.N,158,158,Q13158
102,3ezq,3EZQ.L,158,158,Q13158
104,3ezq,3EZQ.J,158,158,Q13158
106,3ezq,3EZQ.H,158,158,Q13158
108,3ezq,3EZQ.F,158,158,Q13158
110,3ezq,3EZQ.D,158,158,Q13158
112,3ezq,3EZQ.B,158,158,Q13158
114,3oq9,3OQ9.L,158,158,Q13158
116,3oq9,3OQ9.K,158,158,Q13158
118,3oq9,3OQ9.J,158,158,Q13158
120,3oq9,3OQ9.I,158,158,Q13158
122,3oq9,3OQ9.H,158,158,Q13158
124,2gf5,2GF5.A,8,8,Q13158
132,1a1w,1A1W.A,8,8,Q13158
140,1a1z,1A1Z.A,8,8,Q13158
148,2gf5,2GF5.A,75,75,Q13158
150,1a1w,1A1W.A,75,75,Q13158
152,1a1z,1A1Z.A,75,75,Q13158
154,2gf5,2GF5.A,73,73,Q13158
156,1a1w,1A1W.A,73,73,Q13158
158,1a1z,1A1Z.A,73,73,Q13158
160,2gf5,2GF5.A,138,138,Q13158
168,3ezq,3EZQ.P,138,138,Q13158
176,3ezq,3EZQ.N,138,138,Q13158
184,3ezq,3EZQ.L,138,138,Q13158
192,3ezq,3EZQ.J,138,138,Q13158
200,3ezq,3EZQ.H,138,138,Q13158
208,3ezq,3EZQ.F,138,138,Q13158
216,3ezq,3EZQ.D,138,138,Q13158
224,3ezq,3EZQ.B,138,138,Q13158
232,3oq9,3OQ9.L,138,138,Q13158
240,3oq9,3OQ9.K,138,138,Q13158
248,3oq9,3OQ9.J,138,138,Q13158
256,3oq9,3OQ9.I,138,138,Q13158
264,3oq9,3OQ9.H,138,138,Q13158
272,2gf5,2GF5.A,46,46,Q13158
274,1a1w,1A1W.A,46,46,Q13158
276,1a1z,1A1Z.A,46,46,Q13158
278,2gf5,2GF5.A,14,14,Q13158
280,1a1w,1A1W.A,14,14,Q13158
282,1a1z,1A1Z.A,14,14,Q13158
284,2gf5,2GF5.A,181,181,Q13158
286,3ezq,3EZQ.P,181,181,Q13158
288,3ezq,3EZQ.N,181,181,Q13158
290,3ezq,3EZQ.L,181,181,Q13158
292,3ezq,3EZQ.J,181,181,Q13158
294,3ezq,3EZQ.H,181,181,Q13158
296,3ezq,3EZQ.F,181,181,Q13158
298,3ezq,3EZQ.D,181,181,Q13158
300,3ezq,3EZQ.B,181,181,Q13158
302,3oq9,3OQ9.L,181,181,Q13158
304,3oq9,3OQ9.K,181,181,Q13158
306,3oq9,3OQ9.J,181,181,Q13158
308,3oq9,3OQ9.I,181,181,Q13158
310,3oq9,3OQ9.H,181,181,Q13158
312,2gf5,2GF5.A,32,32,Q13158
314,1a1w,1A1W.A,32,32,Q13158
316,1a1z,1A1Z.A,32,32,Q13158
318,2gf5,2GF5.A,66,66,Q13158
320,1a1w,1A1W.A,66,66,Q13158
322,1a1z,1A1Z.A,66,66,Q13158
330,2gf5,2GF5.A,134,134,Q13158
332,3ezq,3EZQ.P,134,134,Q13158
334,3ezq,3EZQ.N,134,134,Q13158
336,3ezq,3EZQ.L,134,134,Q13158
338,3ezq,3EZQ.J,134,134,Q13158
340,3ezq,3EZQ.H,134,134,Q13158
342,3ezq,3EZQ.F,134,134,Q13158
344,3ezq,3EZQ.D,134,134,Q13158
346,3ezq,3EZQ.B,134,134,Q13158
348,3oq9,3OQ9.L,134,134,Q13158
350,3oq9,3OQ9.K,134,134,Q13158
352,3oq9,3OQ9.J,134,134,Q13158
354,3oq9,3OQ9.I,134,134,Q13158
356,3oq9,3OQ9.H,134,134,Q13158
358,2gf5,2GF5.A,103,103,Q13158
360,3ezq,3EZQ.P,103,103,Q13158
362,3ezq,3EZQ.N,103,103,Q13158
364,3ezq,3EZQ.L,103,103,Q13158
366,3ezq,3EZQ.J,103,103,Q13158
368,3ezq,3EZQ.H,103,103,Q13158
370,3ezq,3EZQ.F,103,103,Q13158
372,3ezq,3EZQ.D,103,103,Q13158
374,3ezq,3EZQ.B,103,103,Q13158
376,3oq9,3OQ9.L,103,103,Q13158
378,3oq9,3OQ9.K,103,103,Q13158
380,3oq9,3OQ9.J,103,103,Q13158
382,3oq9,3OQ9.I,103,103,Q13158
384,3oq9,3OQ9.H,103,103,Q13158
386,2gf5,2GF5.A,111,111,Q13158
388,3ezq,3EZQ.P,111,111,Q13158
390,3ezq,3EZQ.N,111,111,Q13158
392,3ezq,3EZQ.L,111,111,Q13158
394,3ezq,3EZQ.J,111,111,Q13158
396,3ezq,3EZQ.H,111,111,Q13158
398,3ezq,3EZQ.F,111,111,Q13158
400,3ezq,3EZQ.D,111,111,Q13158
402,3ezq,3EZQ.B,111,111,Q13158
404,3oq9,3OQ9.L,111,111,Q13158
406,3oq9,3OQ9.K,111,111,Q13158
408,3oq9,3OQ9.J,111,111,Q13158
410,3oq9,3OQ9.I,111,111,Q13158
412,3oq9,3OQ9.H,111,111,Q13158
414,2gf5,2GF5.A,160,160,Q13158
416,3ezq,3EZQ.P,160,160,Q13158
418,3ezq,3EZQ.N,160,160,Q13158
420,3ezq,3EZQ.L,160,160,Q13158
422,3ezq,3EZQ.J,160,160,Q13158
424,3ezq,3EZQ.H,160,160,Q13158
426,3ezq,3EZQ.F,160,160,Q13158
428,3ezq,3EZQ.D,160,160,Q13158
430,3ezq,3EZQ.B,160,160,Q13158
432,3oq9,3OQ9.L,160,160,Q13158
434,3oq9,3OQ9.K,160,160,Q13158
436,3oq9,3OQ9.J,160,160,Q13158
438,3oq9,3OQ9.I,160,160,Q13158
440,3oq9,3OQ9.H,160,160,Q13158
442,2gf5,2GF5.A,126,126,Q13158
450,3ezq,3EZQ.P,126,126,Q13158
458,3ezq,3EZQ.N,126,126,Q13158
466,3ezq,3EZQ.L,126,126,Q13158
474,3ezq,3EZQ.J,126,126,Q13158
482,3ezq,3EZQ.H,126,126,Q13158
490,3ezq,3EZQ.F,126,126,Q13158
498,3ezq,3EZQ.D,126,126,Q13158
506,3ezq,3EZQ.B,126,126,Q13158
514,3oq9,3OQ9.L,126,126,Q13158
522,3oq9,3OQ9.K,126,126,Q13158
530,3oq9,3OQ9.J,126,126,Q13158
538,3oq9,3OQ9.I,126,126,Q13158
546,3oq9,3OQ9.H,126,126,Q13158
554,2gf5,2GF5.A,40,40,Q13158
556,1a1w,1A1W.A,40,40,Q13158
558,1a1z,1A1Z.A,40,40,Q13158
